86243,201,ACCTG,001A,MW,08:00 AM,09:50 AM,C101B
86244,202,ACCTG,001A,MW,10:45 AM,12:35 PM,AD123
86245,203,ACCTG,001A,MW,06:30 PM,08:20 PM,LE209
86246,204,ACCTG,001A,TTH,09:15 AM,11:05 AM,C101A
86247,205,ACCTG,001A,TTH,12:15 PM,02:05 PM,C102
86248,201,ACCTG,001B,MW,09:15 AM,11:05 AM,PE106B
86249,202,ACCTG,001B,MW,12:15 PM,02:05 PM,PE106B
86250,203,ACCTG,001B,MW,06:30 PM,08:20 PM,SA104
86251,204,ACCTG,001B,TTH,09:15 AM,11:05 AM,C103
86252,205,ACCTG,001B,TTH,12:15 PM,02:05 PM,C204
86253,201,ACCTG,030,TH,06:00 PM,08:25 PM,
86253,201,ACCTG,030,TH,08:35 PM,09:55 PM,
86259,201,ACCTG,063,MW,10:45 AM,01:10 PM,A2211
86260,201,ACCTG,095,TTH,10:45 AM,01:10 PM,AA232
86261,201,ACCTG,097,T,05:30 PM,08:35 PM,PE206B
86262,201,ACCTG,101,MW,09:15 AM,10:20 AM,A5212
86262,201,ACCTG,101,W,10:30 AM,11:50 AM,A5212
86234,201,ACCTG,138,,,,SC214
86529,201,AJ,010,MW,09:15 AM,10:35 AM,PE105
86530,202,AJ,010,TTH,12:15 PM,01:35 PM,PE105
86531,203,AJ,010,T,06:00 PM,09:05 PM,PE105
87155,205,AJ,010,TTH,03:15 PM,04:35 PM,C204
86532,201,AJ,011,MW,10:45 AM,12:05 PM,PE105
86533,201,AJ,013,TTH,01:45 PM,03:05 PM,PE105
86534,201,AJ,014,MW,10:45 AM,12:05 PM,PE107
86535,202,AJ,014,MW,01:45 PM,03:05 PM,PE105
86536,201,AJ,015,TTH,10:45 AM,12:05 PM,PE105
87154,201,AJ,019,W,06:00 PM,09:05 PM,PE105
86537,201,AJ,110,TTH,09:15 AM,10:35 AM,PE105
86538,201,AJ,115,M,06:00 PM,09:05 PM,C206
86538,201,AJ,115,M,06:00 PM,09:05 PM,C206
87153,201,AJ,123,TH,06:00 PM,09:05 PM,C204
86235,201,AJ,138,,,,SC214
86541,201,ANTH,063,M,06:00 PM,09:05 PM,C202
86542,201,ANTH,090,MW,09:15 AM,10:35 AM,SA104
86546,201,ART,012,TTH,01:45 PM,02:35 PM,VPA200
86546,201,ART,012,TTH,02:45 PM,04:35 PM,VPA200
86547,201,ART,013,MW,06:00 PM,06:50 PM,VPA125F
86547,201,ART,013,MW,07:00 PM,08:50 PM,VPA125F
86548,201,ART,014,TTH,09:15 AM,10:05 AM,VPA200
86548,201,ART,014,TTH,10:15 AM,12:05 PM,VPA200
86549,201,ART,024,MW,09:15 AM,10:05 AM,VPA201
86549,201,ART,024,MW,10:15 AM,12:05 PM,VPA201
86550,202,ART,024,MW,01:45 PM,02:35 PM,VPA200
86550,202,ART,024,MW,02:45 PM,04:35 PM,VPA200
86551,203,ART,024,TTH,06:00 PM,06:50 PM,VPA201
86551,203,ART,024,TTH,07:00 PM,08:50 PM,VPA201
86552,201,ART,025,MW,06:00 PM,06:50 PM,VPA201
86552,201,ART,025,MW,07:00 PM,08:50 PM,VPA201
86553,201,ART,035,MW,09:15 AM,11:20 AM,VPA202
86553,201,ART,035,MW,11:30 AM,02:35 PM,VPA202
86554,201,ART,038,MW,09:15 AM,11:05 AM,VPA202
86554,201,ART,038,MW,11:15 AM,02:20 PM,VPA202
86555,201,ART,039,TTH,09:15 AM,11:40 AM,VPA202
86555,201,ART,039,TTH,11:50 AM,01:05 PM,VPA202
86556,201,ART,041,TTH,09:15 AM,11:40 AM,VPA202
86556,201,ART,041,TTH,11:50 AM,01:10 PM,VPA202
86557,201,ART,042,MW,01:45 PM,02:35 PM,VPA125F
86557,201,ART,042,MW,02:45 PM,04:35 PM,VPA125F
86558,201,ART,043,MW,01:45 PM,02:35 PM,VPA125F
86558,201,ART,043,MW,02:45 PM,04:35 PM,VPA125F
86559,201,ART,055A,MW,01:45 PM,02:35 PM,VPA201
86559,201,ART,055A,MW,02:45 PM,04:35 PM,VPA201
86560,201,ART,055B,MW,01:45 PM,02:35 PM,VPA201
86560,201,ART,055B,MW,02:45 PM,04:35 PM,VPA201
86561,201,ART,060,TTH,09:15 AM,10:05 AM,VPA201
86561,201,ART,060,TTH,10:15 AM,12:05 PM,VPA201
86562,201,ART,061,TTH,09:15 AM,10:05 AM,VPA201
86562,201,ART,061,TTH,10:15 AM,12:05 PM,VPA201
86543,201,ART,066,MW,09:15 AM,10:05 AM,VPA125
86543,201,ART,066,MW,10:15 AM,12:05 PM,VPA125
86563,201,ART,090,MW,12:15 PM,01:35 PM,VPA125
86564,202,ART,090,TTH,10:45 AM,12:05 PM,VPA115
86565,203,ART,090,TTH,12:15 PM,01:35 PM,VPA120
86566,204,ART,090,F,01:45 PM,04:50 PM,VPA116
86567,205,ART,090,,,,VPA203
86568,201,ART,091,MW,09:15 AM,10:35 AM,VPA104
86569,202,ART,091,F,09:15 AM,12:20 PM,VPA104
86570,201,ART,092,MW,10:45 AM,12:05 PM,SA201
86571,202,ART,092,,,,VPA203
86179,201,ASTRO,010,MW,01:45 PM,03:05 PM,SA119
86180,202,ASTRO,010,MW,06:30 PM,07:50 PM,SA117
86181,203,ASTRO,010,TTH,10:45 AM,12:05 PM,SA119
86182,204,ASTRO,010,TTH,12:15 PM,01:35 PM,SA117
86183,205,ASTRO,010,F,09:00 AM,12:05 PM,SA119
86184,206,ASTRO,010,,,,LE232
86185,201,ASTRO,010L,TTH,09:15 AM,10:35 AM,SA114
86186,202,ASTRO,010L,T,06:30 PM,09:35 PM,SA114
86187,203,ASTRO,010L,TH,06:30 PM,09:35 PM,SA114
86572,201,ATH,058,TTH,09:15 AM,10:35 AM,F
86573,201,ATH,064,MW,05:00 PM,08:05 PM,F
86574,202,ATH,064,TTH,05:00 PM,08:05 PM,F
86332,201,AUTO,102,M,06:30 PM,08:20 PM,AT113
86332,201,AUTO,102,W,06:00 PM,10:35 PM,AT 129
86333,202,AUTO,102,M,06:30 PM,08:20 PM,AT113
86333,202,AUTO,102,TH,06:00 PM,10:35 PM,AT 129
86334,203,AUTO,102,MTWTH,07:30 AM,08:35 AM,AT113
86334,203,AUTO,102,MTWTH,08:45 AM,11:20 AM,AT 116
86335,204,AUTO,102,MTWTH,12:45 PM,01:50 PM,AT113
86335,204,AUTO,102,MTWTH,02:00 PM,04:35 PM,AT 116
86336,201,AUTO,103,T,06:30 PM,07:20 PM,AT113
86336,201,AUTO,103,T,07:30 PM,10:35 PM,AT 116
86337,202,AUTO,103,MTWTH,07:15 AM,08:05 AM,AT113
86337,202,AUTO,103,MTWTH,08:15 AM,11:20 AM,AT 116
86338,203,AUTO,103,MTWTH,12:45 PM,01:35 PM,AT113
86338,203,AUTO,103,MTWTH,01:45 PM,04:50 PM,AT 116
86339,201,AUTO,105,M,04:45 PM,06:35 PM,AT141
86339,201,AUTO,105,M,06:40 PM,10:45 PM,AT 129
86340,201,AUTO,106,M,06:30 PM,07:20 PM,AT143
86340,201,AUTO,106,M,07:30 PM,10:35 PM,AT 116
86341,201,AUTO,107,WTH,12:30 PM,01:20 PM,AT138
86341,201,AUTO,107,WTH,01:30 PM,04:35 PM,AT 134
86342,202,AUTO,107,MW,06:30 PM,07:20 PM,AT138
86342,202,AUTO,107,MW,07:30 PM,10:35 PM,AT 134
86343,201,AUTO,118,MTWTH,07:30 AM,09:00 AM,AT121
86343,201,AUTO,118,MTWTH,09:10 AM,12:30 PM,AT128
86344,202,AUTO,118,MW,06:00 PM,06:50 PM,AT121
86344,202,AUTO,118,MW,07:00 PM,08:50 PM,AT128
86345,201,AUTO,119,MTWTH,07:30 AM,09:20 AM,AT113
86345,201,AUTO,119,MTWTH,09:30 AM,11:20 AM,AT 116
86346,202,AUTO,119,MTWTH,12:45 PM,02:35 PM,AT113
86346,202,AUTO,119,MTWTH,02:45 PM,04:35 PM,AT 116
86347,203,AUTO,119,T,06:00 PM,07:50 PM,AT138
86347,203,AUTO,119,T,08:00 PM,09:50 PM,AT135
86348,201,AUTO,120,TWTH,01:00 PM,02:10 PM,AT141
86348,201,AUTO,120,TWTH,02:20 PM,04:55 PM,AT 129
86349,201,AUTO,121,TWTH,01:00 PM,01:50 PM,AT141
86349,201,AUTO,121,TWTH,02:00 PM,04:50 PM,AT 129
86350,201,AUTO,127,MTWTH,07:15 AM,09:05 AM,AT121
86350,201,AUTO,127,MTWTH,09:15 AM,01:05 PM,AT128
86351,201,AUTO,129,MTWTH,07:30 AM,08:20 AM,AT121
86351,201,AUTO,129,MTWTH,08:30 AM,12:50 PM,AT128
87401,201,AUTO,132B,T,06:00 PM,10:35 PM,AT128
86353,201,AUTO,135,TWTH,01:00 PM,02:50 PM,AT141
86353,201,AUTO,135,TWTH,03:00 PM,04:50 PM,AT 129
86354,201,AUTO,138,,,,
86355,202,AUTO,138,,,,
86356,203,AUTO,138,,,,
86357,204,AUTO,138,,,,
86358,205,AUTO,138,,,,
86360,201,AUTO,141,TTH,06:00 PM,09:35 PM,AT121
86361,201,AUTO,145,TTH,06:00 PM,10:05 PM,AT121
86362,201,AUTO,170,MTWTH,07:30 AM,09:35 AM,AT121
86362,201,AUTO,170,MTWTH,09:45 AM,01:00 PM,AT128
86363,201,AUTO,171,MW,06:30 PM,08:35 PM,AT138
86363,201,AUTO,171,MW,08:45 PM,10:10 PM,AT138
86364,202,AUTO,171,WTH,01:30 PM,03:20 PM,AT138
86364,202,AUTO,171,WTH,03:30 PM,04:50 PM,AT 134
86365,201,AUTO,172,M,04:45 PM,06:35 PM,AT143
86365,201,AUTO,172,M,06:45 PM,08:35 PM,AT 129
86366,201,AUTO,173,W,06:00 PM,09:35 PM,C102
86368,201,AUTO,181A,TTH,06:30 PM,07:55 PM,AT141
86368,201,AUTO,181A,TTH,08:05 PM,09:30 PM,AT143
86369,201,AUTO,181B,TTH,06:00 PM,07:50 PM,AT141
86369,201,AUTO,181B,TTH,07:55 PM,10:45 PM,AT138
86367,201,AUTO,202,W,01:15 PM,02:05 PM,AT121
86367,201,AUTO,202,W,02:15 PM,05:20 PM,AT121
86065,201,BIM,121,F,06:00 PM,09:05 PM,AB103
86066,201,BIM,124,S,08:00 AM,08:50 AM,AB121
86066,201,BIM,124,S,09:00 AM,03:10 PM,AB101
86236,201,BIM,138,,,,SC214
85944,201,BIOL,004A,MW,09:15 AM,10:35 AM,AF231
85944,201,BIOL,004A,MW,11:00 AM,02:05 PM,S113
85945,202,BIOL,004A,MW,09:15 AM,10:35 AM,AF231
85945,202,BIOL,004A,MW,02:15 PM,05:20 PM,S113
85946,203,BIOL,004A,TTH,05:00 PM,06:20 PM,S160
85946,203,BIOL,004A,TTH,06:30 PM,09:35 PM,S113
85947,201,BIOL,004B,TTH,09:15 AM,10:35 AM,S113
85947,201,BIOL,004B,TTH,11:15 AM,02:20 PM,S113
85948,201,BIOL,020,MW,09:15 AM,10:35 AM,AC162
85948,201,BIOL,020,M,10:45 AM,01:50 PM,S127
85949,202,BIOL,020,MW,09:15 AM,10:35 AM,AC162
85949,202,BIOL,020,W,10:45 AM,01:50 PM,S127
85950,203,BIOL,020,MW,04:30 PM,05:50 PM,AC162
85950,203,BIOL,020,M,06:00 PM,09:05 PM,S127
85951,204,BIOL,020,MW,04:30 PM,05:50 PM,AC162
85951,204,BIOL,020,W,06:00 PM,09:05 PM,S127
85952,201,BIOL,021,MW,09:15 AM,10:35 AM,S160
85952,201,BIOL,021,M,10:45 AM,01:50 PM,S112
85953,202,BIOL,021,MW,09:15 AM,10:35 AM,S160
85953,202,BIOL,021,W,10:45 AM,01:50 PM,S112
85954,203,BIOL,021,TTH,09:15 AM,10:35 AM,S160
85954,203,BIOL,021,T,10:45 AM,01:50 PM,S112
85955,204,BIOL,021,TTH,09:15 AM,10:35 AM,S160
85955,204,BIOL,021,TH,10:45 AM,01:50 PM,S112
85956,205,BIOL,021,MW,05:00 PM,06:20 PM,S160
85956,205,BIOL,021,M,06:30 PM,09:35 PM,S112
85957,206,BIOL,021,MW,05:00 PM,06:20 PM,S160
85957,206,BIOL,021,W,06:30 PM,09:35 PM,S112
85958,207,BIOL,021,TTH,12:15 PM,01:35 PM,AC162
85958,207,BIOL,021,T,02:00 PM,05:05 PM,S112
85959,208,BIOL,021,TTH,12:15 PM,01:35 PM,AC162
85959,208,BIOL,021,TH,02:00 PM,05:05 PM,S112
85960,209,BIOL,021,TTH,03:15 PM,04:35 PM,S160
85960,209,BIOL,021,T,05:30 PM,08:35 PM,S112
85961,210,BIOL,021,TTH,03:15 PM,04:35 PM,S160
85961,210,BIOL,021,TH,05:30 PM,08:35 PM,S112
85962,211,BIOL,021,F,06:00 PM,09:05 PM,S160
85962,211,BIOL,021,S,10:00 AM,01:05 PM,S112
85963,212,BIOL,021,MW,12:15 PM,01:35 PM,S140
85963,212,BIOL,021,M,02:00 PM,05:05 PM,S112
85964,213,BIOL,021,MW,12:15 PM,01:35 PM,S140
85964,213,BIOL,021,W,02:00 PM,05:05 PM,S112
85999,201,BIOL,025,TTH,10:45 AM,12:05 PM,S160
86000,201,BIOL,061,MW,03:15 PM,04:35 PM,S160
86008,202,BIOL,061,TTH,10:45 AM,12:05 PM,S150
86010,203,BIOL,061,TTH,10:45 AM,12:05 PM,S150
86011,204,BIOL,061,TTH,06:30 PM,07:50 PM,S160
86012,201,BIOL,062,MW,09:15 AM,10:35 AM,AD211
86013,201,BIOL,071,MW,12:15 PM,01:35 PM,S160
86013,201,BIOL,071,MW,08:40 AM,11:45 AM,S124
86014,202,BIOL,071,MW,12:15 PM,01:35 PM,S160
86014,202,BIOL,071,MW,01:45 PM,04:50 PM,S124
86015,203,BIOL,071,TTH,01:45 PM,03:05 PM,S160
86015,203,BIOL,071,TTH,10:00 AM,01:05 PM,S124
86016,204,BIOL,071,TTH,01:45 PM,03:05 PM,S160
86016,204,BIOL,071,TTH,03:15 PM,06:20 PM,S124
86017,201,BIOL,072,MW,11:00 AM,02:05 PM,S129
86017,201,BIOL,072,,,,S129
86018,202,BIOL,072,TTH,06:00 PM,09:05 PM,S129
86018,202,BIOL,072,,,,S129
86019,203,BIOL,072,TTH,12:15 PM,01:35 PM,S160
86019,203,BIOL,072,TTH,08:30 AM,11:35 AM,S129
86020,204,BIOL,072,TTH,12:15 PM,01:35 PM,S160
86020,204,BIOL,072,TTH,01:45 PM,04:50 PM,S129
86021,201,BIOL,074,MW,12:15 PM,01:35 PM,AC162
86021,201,BIOL,074,MW,08:30 AM,11:35 AM,S123
86022,202,BIOL,074,MW,12:15 PM,01:35 PM,AC162
86022,202,BIOL,074,MW,01:55 PM,05:00 PM,S123
86023,203,BIOL,074,TTH,05:00 PM,06:20 PM,AF231
86023,203,BIOL,074,TTH,01:45 PM,04:50 PM,S123
86024,204,BIOL,074,TTH,05:00 PM,06:20 PM,AF231
86024,204,BIOL,074,TTH,06:30 PM,09:35 PM,S123
86025,201,BIOL,080,F,06:00 PM,08:25 PM,S109
86025,201,BIOL,080,F,06:00 PM,08:25 PM,S109
86025,201,BIOL,080,,,,OFC
86025,201,BIOL,080,,,,OFC
86263,201,BIS,002,S,09:00 AM,12:15 PM,C101A
86264,201,BIS,004,S,09:00 AM,01:05 PM,LE210
86265,201,BIS,007,W,06:00 PM,09:05 PM,
86266,201,BIS,012,T,09:15 AM,10:35 AM,
86266,201,BIS,012,T,10:45 AM,12:05 PM,
86267,201,BIS,016,W,06:00 PM,07:20 PM,
86267,201,BIS,016,W,07:30 PM,08:50 PM,
86268,201,BIS,017,T,09:00 AM,10:50 AM,
P,86269,202,BIS,017,M,10:30 AM,12:00 PM,
P,86269,202,BIS,017,,,,
86270,201,BIS,039,TH,10:45 AM,12:35 PM,
86271,201,BIS,101,TTH,12:15 PM,01:35 PM,
86272,201,BIS,102,TH,09:15 AM,11:40 AM,
86272,201,BIS,102,TH,11:50 AM,01:10 PM,
86273,202,BIS,102,M,06:00 PM,08:25 PM,
86273,202,BIS,102,M,08:35 PM,09:55 PM,
86274,203,BIS,102,T,06:00 PM,09:05 PM,
86274,203,BIS,102,,,,
86276,201,BIS,104,W,12:15 PM,02:40 PM,
86276,201,BIS,104,W,02:50 PM,04:10 PM,
86275,201,BIS,106,T,09:15 AM,11:40 AM,
86275,201,BIS,106,T,11:50 AM,01:10 PM,
86277,201,BIS,107,S,09:00 AM,01:00 PM,
86277,201,BIS,107,,,,
86278,201,BIS,135,M,06:00 PM,09:05 PM,C207
86237,201,BIS,138,,,,SC214
86279,201,BIS,160,M,06:00 PM,07:20 PM,
86279,201,BIS,160,M,07:30 PM,08:50 PM,
86280,201,BIS,161,TH,06:00 PM,06:50 PM,
86280,201,BIS,161,TH,07:00 PM,09:50 PM,
86281,201,BIS,162,W,12:15 PM,02:05 PM,
86282,201,BUS,004,T,06:00 PM,09:05 PM,C209
86283,201,BUS,060,TTH,10:45 AM,12:05 PM,C205
86284,202,BUS,060,M,06:30 PM,09:35 PM,C208
86285,201,BUS,071,MW,09:15 AM,10:35 AM,AA232
86286,202,BUS,071,TTH,12:15 PM,01:35 PM,C101A
86287,203,BUS,071,W,06:30 PM,09:35 PM,C104
86288,204,BUS,071,,,,LE228
86289,201,BUS,082,MW,10:45 AM,12:05 PM,C101A
86291,203,BUS,082,TTH,09:15 AM,10:35 AM,C204
86292,204,BUS,082,TH,01:00 PM,02:50 PM,LE232
86292,204,BUS,082,,,,LE232
86293,201,BUS,084,T,06:30 PM,09:35 PM,
86238,201,BUS,138,,,,SC214
86067,201,CADD,130,T,06:30 PM,08:20 PM,AB103
86067,201,CADD,130,TH,06:00 PM,09:05 PM,AB101
86068,201,CADD,131,MW,06:00 PM,09:05 PM,AB103
86069,201,CADD,133,S,09:00 AM,03:10 PM,AB103
86070,201,CADD,134,S,09:00 AM,03:10 PM,AB103
86239,201,CADD,138,,,,SC214
86071,201,CADD,139,S,09:00 AM,03:10 PM,AB103
86072,201,CADD,140B,MW,06:00 PM,09:05 PM,AB103
86073,201,CADD,144A,MW,06:00 PM,09:05 PM,AB103
86074,201,CADD,144B,MW,06:00 PM,09:05 PM,AB103
86075,201,CADD,145,MW,06:00 PM,09:05 PM,AB103
86031,201,CHEM,001A,MW,12:15 PM,01:35 PM,SA217
86031,201,CHEM,001A,MW,08:30 AM,11:35 AM,SA203
86032,202,CHEM,001A,MW,12:15 PM,01:35 PM,SA217
86032,202,CHEM,001A,MW,01:45 PM,04:50 PM,SA203
86033,203,CHEM,001A,TTH,09:15 AM,10:35 AM,SA217
86033,203,CHEM,001A,TTH,10:45 AM,01:50 PM,SA203
86034,204,CHEM,001A,TTH,05:00 PM,06:20 PM,SA217
86034,204,CHEM,001A,TTH,06:30 PM,09:35 PM,SA203
86035,201,CHEM,001B,MW,10:45 AM,12:05 PM,AC162
86035,201,CHEM,001B,MW,12:45 PM,03:50 PM,AC160
86036,202,CHEM,001B,MW,05:00 PM,06:20 PM,SA217
86036,202,CHEM,001B,MW,06:30 PM,09:35 PM,AC160
86037,201,CHEM,012B,TTH,12:15 PM,01:35 PM,SA217
86037,201,CHEM,012B,TTH,09:00 AM,12:05 PM,SA211
86038,202,CHEM,012B,TTH,12:15 PM,01:35 PM,SA217
86038,202,CHEM,012B,TTH,02:00 PM,05:05 PM,SA211
86039,201,CHEM,015,TTH,09:15 AM,10:35 AM,SA215
86039,201,CHEM,015,T,10:45 AM,01:50 PM,SA209
86040,202,CHEM,015,MW,09:15 AM,10:35 AM,SA215
86040,202,CHEM,015,M,10:45 AM,01:50 PM,SA209
86041,203,CHEM,015,MW,09:15 AM,10:35 AM,SA215
86041,203,CHEM,015,W,10:45 AM,01:50 PM,SA209
86042,204,CHEM,015,TTH,09:15 AM,10:35 AM,SA215
86042,204,CHEM,015,TH,10:45 AM,01:50 PM,SA209
86043,205,CHEM,015,TTH,09:15 AM,10:35 AM,SA215
86043,205,CHEM,015,TH,10:45 AM,01:50 PM,SA209
86044,201,CHEM,030A,MW,10:45 AM,12:05 PM,SA215
86044,201,CHEM,030A,M,12:45 PM,03:50 PM,SA207
86045,202,CHEM,030A,MW,10:45 AM,12:05 PM,SA215
86045,202,CHEM,030A,W,12:45 PM,03:50 PM,SA207
86046,203,CHEM,030A,TTH,12:15 PM,01:35 PM,SA215
86046,203,CHEM,030A,T,02:00 PM,05:05 PM,SA207
86047,204,CHEM,030A,TTH,12:15 PM,01:35 PM,SA215
86047,204,CHEM,030A,TH,02:00 PM,05:05 PM,SA207
86048,205,CHEM,030A,MW,05:30 PM,06:50 PM,SA215
86048,205,CHEM,030A,M,07:00 PM,10:05 PM,SA207
86049,206,CHEM,030A,MW,05:30 PM,06:50 PM,SA215
86049,206,CHEM,030A,W,07:00 PM,10:05 PM,SA207
86050,207,CHEM,030A,MW,07:45 AM,09:05 AM,SA215
86050,207,CHEM,030A,M,09:15 AM,12:20 PM,SA207
86051,208,CHEM,030A,MW,07:45 AM,09:05 AM,SA215
86051,208,CHEM,030A,W,09:15 AM,12:20 PM,SA207
86052,201,CHEM,030B,TTH,05:30 PM,06:50 PM,SA215
86052,201,CHEM,030B,T,07:00 PM,10:05 PM,AC160
86294,201,CII,205,T,06:35 PM,07:55 PM,LE231
86295,201,CII,220,T,10:45 AM,12:05 PM,LE231
86296,201,CIT,010,MW,09:15 AM,10:35 AM,
86296,201,CIT,010,W,10:45 AM,11:35 AM,
86297,202,CIT,010,W,06:00 PM,09:05 PM,
86297,202,CIT,010,W,05:00 PM,05:50 PM,
86298,203,CIT,010,S,09:00 AM,12:25 PM,
86298,203,CIT,010,S,12:35 PM,01:40 PM,
86299,204,CIT,010,,,,LE204
86300,205,CIT,010,,,,LE232
86301,201,CIT,020,MW,06:00 PM,06:50 PM,
86301,201,CIT,020,MW,07:00 PM,08:20 PM,
86302,201,CIT,040,T,06:00 PM,08:25 PM,
86302,201,CIT,040,T,08:35 PM,09:55 PM,
86303,201,CIT,044,TH,09:15 AM,09:45 AM,
86303,201,CIT,044,TH,09:55 AM,11:15 AM,
86303,201,CIT,044,,,,
86304,201,CIT,050,,,,
86576,201,COMS,010,MW,12:15 PM,01:35 PM,C203
86577,202,COMS,010,TTH,12:15 PM,01:35 PM,C203
86578,203,COMS,010,MW,01:45 PM,03:05 PM,C204
86579,204,COMS,010,M,06:00 PM,09:05 PM,C203
86580,205,COMS,010,S,12:00 PM,03:05 PM,C203
86581,201,COMS,020,MW,07:45 AM,09:05 AM,C202
86582,202,COMS,020,MW,09:15 AM,10:35 AM,C203
86583,203,COMS,020,MW,09:15 AM,10:35 AM,C208
86584,204,COMS,020,MW,09:15 AM,10:35 AM,C202
86585,205,COMS,020,MW,10:45 AM,12:05 PM,C203
86586,206,COMS,020,MW,01:45 PM,03:05 PM,C206
86587,207,COMS,020,MW,01:45 PM,03:05 PM,C203
86588,208,COMS,020,TTH,07:45 AM,09:05 AM,C202
86589,209,COMS,020,TTH,09:15 AM,10:35 AM,C202
86590,210,COMS,020,TTH,10:45 AM,12:05 PM,C203
86591,211,COMS,020,TTH,12:15 PM,01:35 PM,C105
86592,212,COMS,020,TH,06:00 PM,09:05 PM,C202
86593,213,COMS,020,MW,12:15 PM,01:35 PM,C102
86594,214,COMS,020,S,09:15 AM,12:05 PM,C202
86594,214,COMS,020,,,,C202
86575,201,COMS,035,MW,10:45 AM,12:05 PM,C208
86595,201,COMS,040,MW,10:45 AM,12:05 PM,C202
86596,202,COMS,040,MW,12:15 PM,01:35 PM,C202
86597,203,COMS,040,MW,03:15 PM,04:35 PM,C204
86598,204,COMS,040,TTH,09:15 AM,10:35 AM,C203
86599,205,COMS,040,TTH,09:15 AM,10:35 AM,C203
86600,206,COMS,040,S,08:00 AM,11:05 AM,C204
86601,207,COMS,040,F,09:15 AM,12:05 PM,C203
86601,207,COMS,040,,,,C203
86602,201,COMS,045,MW,10:45 AM,12:05 PM,C103
86603,202,COMS,045,MW,12:15 PM,01:35 PM,VPA105
86604,203,COMS,045,MW,01:45 PM,03:05 PM,C202
86605,204,COMS,045,TTH,10:45 AM,12:05 PM,C202
86076,201,COMSC,020,MW,06:00 PM,06:50 PM,SA114
86076,201,COMSC,020,MW,07:00 PM,08:20 PM,SA114
86077,201,COMSC,072,TTH,10:45 AM,12:35 PM,SA114
86078,201,COMSC,075,MW,09:15 AM,10:35 AM,SA114
86078,201,COMSC,075,MW,10:45 AM,12:05 PM,SA114
86079,202,COMSC,075,TTH,01:45 PM,03:05 PM,SA114
86079,202,COMSC,075,TTH,03:15 PM,04:35 PM,SA114
86080,201,COMSC,076,TTH,06:00 PM,07:20 PM,LE204
86080,201,COMSC,076,TTH,07:30 PM,08:50 PM,LE204
86081,201,COMSC,077,MW,06:00 PM,07:20 PM,SA114
86081,201,COMSC,077,MW,07:30 PM,08:50 PM,SA114
86223,201,COUNS,013,M,06:00 PM,09:05 PM,VPA105
86224,202,COUNS,013,MW,12:15 PM,01:35 PM,AA222
86225,203,COUNS,013,MW,09:15 AM,10:35 AM,PE206B
86226,204,COUNS,013,W,06:00 PM,09:05 PM,C202
87597,205,COUNS,013,TTH,03:15 PM,04:35 PM,C202
86228,202,COUNS,014,MW,10:45 AM,12:05 PM,
86229,203,COUNS,014,MW,10:45 AM,12:05 PM,AA222
86230,204,COUNS,014,MW,03:45 PM,05:05 PM,C202
86231,205,COUNS,014,TTH,10:45 AM,12:05 PM,
86232,206,COUNS,014,TTH,10:45 AM,12:05 PM,
86233,207,COUNS,014,,,,LE231
87594,201,COUNS,015,F,09:00 AM,11:15 AM,C202
87595,202,COUNS,015,M,06:00 PM,07:50 PM,C204
87596,201,COUNS,018,F,09:00 AM,12:15 PM,C203
86606,201,DANCE,002,MW,10:45 AM,12:05 PM,VPA104
86607,201,DANCE,020,MW,01:45 PM,03:05 PM,VPA116
86608,201,DANCE,021,MW,01:45 PM,03:05 PM,VPA116
86609,201,DANCE,021B,MW,01:45 PM,03:05 PM,VPA116
86610,201,DANCE,022,MW,12:15 PM,01:35 PM,VPA116
86611,201,DANCE,022B,MW,12:15 PM,01:35 PM,VPA116
87403,201,DANCE,022C,MW,12:15 PM,01:35 PM,VPA116
86612,201,DANCE,050,MW,09:15 AM,10:35 AM,VPA116
86613,201,DANCE,051,MW,09:15 AM,10:35 AM,VPA116
86614,201,DANCE,051B,MW,09:15 AM,10:35 AM,VPA116
86305,201,ECON,010A,MW,09:15 AM,10:35 AM,C209
86306,202,ECON,010A,TTH,09:15 AM,10:35 AM,C209
86307,203,ECON,010A,TTH,10:45 AM,12:05 PM,C209
86308,204,ECON,010A,TTH,01:45 PM,03:05 PM,C209
86309,205,ECON,010A,W,06:30 PM,09:35 PM,C209
86310,201,ECON,010B,MW,10:45 AM,12:05 PM,C209
86311,202,ECON,010B,TTH,07:45 AM,09:05 AM,C209
86312,203,ECON,010B,TH,06:30 PM,09:35 PM,C209
86313,201,EDIT,010,,,,LE228
86314,201,EDIT,022,,,,LE231
86315,201,EDIT,026,M,10:00 AM,11:50 AM,LE228
86315,201,EDIT,026,,,,LE228
86082,201,EDUC,013MS,MW,03:15 PM,04:35 PM,A5132
85650,201,ENGL,001A,MW,07:45 AM,09:05 AM,SC102
85651,202,ENGL,001A,MW,07:45 AM,09:05 AM,PE106A
85652,203,ENGL,001A,MW,09:15 AM,10:35 AM,PE106A
85653,204,ENGL,001A,TTH,09:15 AM,10:35 AM,PE107
85654,205,ENGL,001A,MW,10:45 AM,12:05 PM,PE106A
85655,206,ENGL,001A,MW,10:45 AM,12:05 PM,SC102
85656,207,ENGL,001A,MW,12:15 PM,01:35 PM,PE106A
85657,208,ENGL,001A,MW,01:45 PM,03:05 PM,PE106A
85658,209,ENGL,001A,TTH,03:15 PM,06:20 PM,SC102
85659,210,ENGL,001A,TTH,07:45 AM,09:05 AM,C101C
85660,211,ENGL,001A,TTH,09:15 AM,10:35 AM,PE106A
85661,212,ENGL,001A,MW,10:45 AM,12:05 PM,AA222
85662,213,ENGL,001A,TTH,10:45 AM,12:05 PM,AB231
85663,214,ENGL,001A,TTH,12:15 PM,01:35 PM,AB103
85664,215,ENGL,001A,TTH,12:15 PM,01:35 PM,PE106A
85665,216,ENGL,001A,TTH,01:45 PM,03:05 PM,PE106A
85666,217,ENGL,001A,M,06:30 PM,09:35 PM,PE106A
85667,218,ENGL,001A,T,06:30 PM,09:35 PM,PE106A
85668,219,ENGL,001A,W,06:30 PM,09:35 PM,AD143
85669,220,ENGL,001A,TH,06:30 PM,09:35 PM,C203
85670,221,ENGL,001A,S,09:00 AM,12:05 PM,SC103
85671,222,ENGL,001A,TTH,01:45 PM,03:05 PM,VPA105
85672,223,ENGL,001A,,,,LE228
85673,224,ENGL,001A,,,,LE228
85674,201,ENGL,001B,MW,07:45 AM,09:05 AM,AA222
85675,202,ENGL,001B,MW,09:15 AM,10:35 AM,PE107
85676,203,ENGL,001B,MW,12:15 PM,01:35 PM,AD143
85677,204,ENGL,001B,TTH,03:15 PM,06:20 PM,AA232
85678,205,ENGL,001B,TTH,07:45 AM,09:05 AM,LE209
85679,206,ENGL,001B,TTH,09:15 AM,10:35 AM,AA222
85680,207,ENGL,001B,TTH,10:45 AM,12:05 PM,PE106A
85681,208,ENGL,001B,TTH,10:45 AM,12:05 PM,PE106B
85682,209,ENGL,001B,TTH,12:15 PM,01:35 PM,PE106B
85683,210,ENGL,001B,TTH,01:45 PM,03:05 PM,C105
85684,211,ENGL,001B,T,06:30 PM,09:35 PM,C208
85685,212,ENGL,001B,MW,09:15 AM,10:35 AM,AA222
85686,213,ENGL,001B,,,,LE231
85687,214,ENGL,001B,,,,LE228
85688,201,ENGL,001C,MW,09:15 AM,10:35 AM,SC103
85689,202,ENGL,001C,MW,12:15 PM,01:35 PM,C101A
85690,203,ENGL,001C,MW,01:45 PM,03:05 PM,C207
85690,203,ENGL,001C,,,,C207
85691,204,ENGL,001C,TTH,07:45 AM,09:05 AM,PE106A
85692,205,ENGL,001C,TTH,10:45 AM,12:05 PM,LE209
85693,206,ENGL,001C,TTH,12:15 PM,01:35 PM,AA222
85694,207,ENGL,001C,M,06:30 PM,09:35 PM,C103
85695,208,ENGL,001C,W,06:30 PM,09:35 PM,C101B
85696,201,ENGL,001L,,,,SC125
85697,202,ENGL,001L,,,,SC125
85699,201,ENGL,062,TTH,12:15 PM,01:35 PM,PE206B
85700,201,ENGL,072,TTH,09:15 AM,10:35 AM,SC103
85698,201,ENGL,073,TTH,10:45 AM,12:05 PM,C208
85701,201,ENGL,084B,MW,12:15 PM,01:35 PM,C101C
85702,201,ENGL,086B,MW,10:45 AM,12:05 PM,C101B
85703,201,ENGL,102,MW,09:15 AM,10:35 AM,C104
85704,202,ENGL,102,MW,10:45 AM,12:05 PM,C104
85705,203,ENGL,102,MW,12:15 PM,01:35 PM,SC102
85706,204,ENGL,102,M,06:00 PM,09:05 PM,C101B
85707,205,ENGL,102,TTH,09:15 AM,10:35 AM,SC102
85708,206,ENGL,102,TTH,09:15 AM,10:35 AM,C101C
85709,207,ENGL,102,TTH,10:45 AM,12:05 PM,C101C
85710,208,ENGL,102,T,12:15 PM,01:35 PM,C101C
85710,208,ENGL,102,,,,C101C
85711,201,ENGL,102L,M,12:15 PM,01:35 PM,SC125
85712,202,ENGL,102L,M,01:45 PM,03:05 PM,SC125
85713,203,ENGL,102L,T,09:15 AM,10:35 AM,SC125
85714,204,ENGL,102L,T,12:15 PM,01:35 PM,SC125
85715,205,ENGL,102L,T,01:45 PM,03:05 PM,SC125
85716,206,ENGL,102L,W,12:15 PM,01:35 PM,SC125
85717,207,ENGL,102L,W,01:45 PM,03:05 PM,SC125
85718,201,ENGL,104,MW,09:15 AM,10:35 AM,A4213
85719,202,ENGL,104,MW,09:15 AM,10:35 AM,AB103
85720,203,ENGL,104,MW,10:45 AM,12:05 PM,A4213
85721,204,ENGL,104,MW,12:15 PM,01:35 PM,A4213
85722,205,ENGL,104,TTH,07:45 AM,09:05 AM,SC102
85723,206,ENGL,104,TTH,09:15 AM,10:35 AM,AA222
85724,207,ENGL,104,TTH,09:15 AM,10:35 AM,PE106B
85725,208,ENGL,104,TTH,10:45 AM,12:05 PM,C208
85726,209,ENGL,104,TTH,12:15 PM,01:35 PM,LE209
85727,210,ENGL,104,T,06:30 PM,09:35 PM,SC102
85728,211,ENGL,104,W,06:30 PM,09:35 PM,AB231
85729,212,ENGL,104,TTH,10:45 AM,12:05 PM,AB103
85729,212,ENGL,104,TTH,12:15 PM,01:35 PM,AB231
85730,213,ENGL,104,MW,10:45 AM,12:05 PM,AA232
85730,213,ENGL,104,TTH,10:45 AM,12:05 PM,PE206B
P,85732,214,ENGL,104,MW,01:30 PM,02:50 PM,OFC
P,85732,214,ENGL,104,MW,03:00 PM,04:20 PM,OFC
85733,201,ENGL,321,MW,09:15 AM,10:35 AM,SC101
85734,202,ENGL,321,MW,10:45 AM,12:05 PM,SC101
85735,203,ENGL,321,MW,12:15 PM,01:35 PM,SC101
85736,204,ENGL,321,TTH,09:15 AM,10:35 AM,SC101
85737,205,ENGL,321,TTH,10:45 AM,12:05 PM,SC101
85738,201,ENGL,321L,M,12:15 PM,01:35 PM,SC125
85739,202,ENGL,321L,M,01:45 PM,03:05 PM,SC125
85740,203,ENGL,321L,T,09:15 AM,10:35 AM,SC125
85741,204,ENGL,321L,T,12:15 PM,01:35 PM,SC125
85742,205,ENGL,321L,T,01:45 PM,03:05 PM,SC125
85743,206,ENGL,321L,W,12:15 PM,01:35 PM,SC125
85744,207,ENGL,321L,W,01:45 PM,03:05 PM,SC125
85745,201,ENGL,322,MW,09:15 AM,10:35 AM,C101A
85746,202,ENGL,322,MW,10:45 AM,12:05 PM,C207
85747,203,ENGL,322,TTH,09:15 AM,10:35 AM,C207
85750,204,ENGL,322,TTH,12:15 PM,01:35 PM,C101B
85751,205,ENGL,322,W,06:00 PM,09:05 PM,AF143
85752,201,ENGL,322L,M,12:15 PM,01:35 PM,SC125
85753,202,ENGL,322L,M,01:45 PM,03:05 PM,SC125
85754,203,ENGL,322L,T,09:15 AM,10:35 AM,SC125
85755,204,ENGL,322L,T,12:15 PM,01:35 PM,SC125
85756,205,ENGL,322L,T,01:45 PM,03:05 PM,SC125
85757,206,ENGL,322L,W,12:15 PM,01:35 PM,SC125
85758,207,ENGL,322L,W,01:45 PM,03:05 PM,SC125
85759,201,ENGL,330,MW,09:15 AM,10:35 AM,AD143
85760,202,ENGL,330,MW,10:45 AM,12:05 PM,AD143
85761,203,ENGL,330,MW,01:45 PM,03:05 PM,AA232
85762,204,ENGL,330,TTH,09:15 AM,10:35 AM,LE210
85763,205,ENGL,330,TTH,10:45 AM,12:05 PM,LE210
85764,206,ENGL,330,TH,06:30 PM,09:35 PM,AD143
85765,207,ENGL,330,TTH,10:45 AM,12:05 PM,VPA105
85765,207,ENGL,330,TTH,12:15 PM,01:35 PM,VPA105
85766,201,ENGL,341,MW,10:45 AM,12:05 PM,PE106B
85767,202,ENGL,341,M,12:15 PM,01:35 PM,C105
85767,202,ENGL,341,,,,C105
85768,203,ENGL,341,TTH,07:45 AM,09:05 AM,AA222
85769,204,ENGL,341,TTH,12:15 PM,01:35 PM,AD143
85770,205,ENGL,341,M,01:45 PM,03:05 PM,C105
85770,205,ENGL,341,,,,C105
85771,206,ENGL,341,TH,06:30 PM,09:35 PM,PE106A
87272,202,ENGR,001,,,,AB121
86053,201,ENGR,010,MW,09:15 AM,10:05 AM,AB134
86053,201,ENGR,010,MW,10:15 AM,11:35 AM,AB121
86054,202,ENGR,010,TTH,06:00 PM,06:50 PM,AB134
86054,202,ENGR,010,TTH,07:00 PM,08:20 PM,AB121
86055,201,ENGR,018,TTH,09:15 AM,10:05 AM,AB134
86055,201,ENGR,018,TTH,10:15 AM,12:05 PM,AB121
86056,201,ENGR,050,MW,12:15 PM,01:35 PM,AB134
86056,201,ENGR,050,MW,01:45 PM,03:05 PM,AB121
86057,201,ENGR,061,M,04:45 PM,06:35 PM,A5132
86057,201,ENGR,061,M,06:45 PM,09:50 PM,A5132
86058,201,ENGR,063,M,04:00 PM,05:50 PM,AB134
86058,201,ENGR,063,M,06:00 PM,09:05 PM,AB121
86059,201,ENGR,069,F,12:30 PM,03:35 PM,AB134
86060,201,ENGR,071,TTH,12:15 PM,01:35 PM,AB134
86060,201,ENGR,071,T,01:45 PM,04:50 PM,A5102
87411,201,ENGR,506,F,06:00 PM,07:50 PM,A5132
87411,201,ENGR,506,S,09:00 AM,12:05 PM,A5132
86026,201,ENVIR,010,TTH,09:15 AM,10:35 AM,AC162
86026,201,ENVIR,010,T,10:45 AM,01:50 PM,S127
86027,202,ENVIR,010,TTH,09:15 AM,10:35 AM,AC162
86027,202,ENVIR,010,TH,10:45 AM,01:50 PM,S127
86028,203,ENVIR,010,TTH,12:15 PM,01:35 PM,S150
86028,203,ENVIR,010,T,02:00 PM,05:05 PM,S127
86029,204,ENVIR,010,TTH,12:15 PM,01:35 PM,S150
86029,204,ENVIR,010,TH,02:00 PM,05:05 PM,S127
85853,201,ESL,091,MW,10:45 AM,01:50 PM,AB231
85854,202,ESL,091,TTHF,08:30 AM,10:20 AM,C101B
85855,203,ESL,091,TTH,06:30 PM,09:35 PM,C207
85856,201,ESL,091L,M,03:00 PM,04:20 PM,SC125
85857,202,ESL,091L,T,10:45 AM,12:05 PM,SC125
85858,203,ESL,091L,W,10:30 AM,11:50 AM,SC125
85859,204,ESL,091L,W,01:30 PM,02:50 PM,SC125
85860,205,ESL,091L,W,06:00 PM,07:20 PM,SC125
85861,206,ESL,091L,TH,09:30 AM,10:50 AM,SC125
85862,207,ESL,091L,TH,11:00 AM,12:20 PM,SC125
85863,208,ESL,091L,F,10:40 AM,12:00 PM,SC125
87279,209,ESL,091L,S,09:00 AM,10:20 AM,SC125
85873,201,ESL,302,MW,09:15 AM,12:20 PM,AF143
85874,202,ESL,302,TTH,10:45 AM,01:50 PM,SC103
85875,203,ESL,302,TTH,06:30 PM,09:35 PM,C101C
85864,201,ESL,302L,M,11:00 AM,12:20 PM,SC125
85865,202,ESL,302L,M,01:30 PM,02:50 PM,SC125
85866,203,ESL,302L,M,06:00 PM,07:20 PM,SC125
85867,204,ESL,302L,T,12:15 PM,01:35 PM,SC125
85868,205,ESL,302L,W,12:00 PM,01:20 PM,SC125
85869,206,ESL,302L,W,03:00 PM,04:20 PM,SC125
85870,207,ESL,302L,TH,01:30 PM,02:50 PM,SC125
85871,208,ESL,302L,TH,03:00 PM,04:20 PM,SC125
85872,209,ESL,302L,F,01:00 PM,02:20 PM,SC125
87280,210,ESL,302L,S,11:00 AM,12:20 PM,SC125
85876,201,ESL,310L,,,,SC125
85878,201,ESL,312,MW,07:45 AM,10:10 AM,C101C
85879,202,ESL,312,TTH,10:45 AM,01:10 PM,A4213
85880,203,ESL,312,TTH,01:45 PM,04:10 PM,C206
85881,204,ESL,312,TTH,06:30 PM,08:55 PM,A5212
85877,201,ESL,312L,,,,SC125
85882,202,ESL,312L,,,,SC125
85883,203,ESL,312L,,,,SC125
85884,201,ESL,313,MW,10:45 AM,12:05 PM,C101C
85885,202,ESL,313,TTH,10:45 AM,12:05 PM,AA232
85886,203,ESL,313,W,06:30 PM,09:35 PM,AA232
87408,204,ESL,313,,,,
85888,201,ESL,314,TTH,10:45 AM,12:05 PM,C101B
85889,202,ESL,314,M,06:30 PM,09:35 PM,AA232
85890,201,ESL,316,MW,01:45 PM,03:05 PM,PE206B
85891,202,ESL,316,M,06:00 PM,09:05 PM,C209
85892,201,ESL,317,W,06:00 PM,09:05 PM,C208
85893,201,ESL,320L,,,,SC125
85895,201,ESL,322,MW,07:45 AM,10:10 AM,LE210
85898,202,ESL,322,TTH,09:15 AM,11:40 AM,AD143
85899,203,ESL,322,MW,06:30 PM,08:55 PM,C101C
85900,204,ESL,322,TTH,06:30 PM,08:55 PM,VPA105
85901,201,ESL,323,MW,10:45 AM,12:05 PM,C101B
85902,202,ESL,323,TTH,10:45 AM,12:05 PM,C101B
85903,203,ESL,323,TTH,01:45 PM,03:05 PM,A5212
85904,204,ESL,323,TH,06:30 PM,09:35 PM,PE106B
85905,201,ESL,324,MW,08:30 AM,10:20 AM,AB231
85906,202,ESL,324,TTH,12:15 PM,02:05 PM,AD143
85907,203,ESL,324,MW,06:30 PM,08:20 PM,A4213
85908,201,ESL,327,M,06:30 PM,09:35 PM,PE106B
85910,202,ESL,327,T,06:30 PM,09:35 PM,C204
85911,201,ESL,330L,,,,SC125
85912,201,ESL,332,MW,07:45 AM,09:35 AM,VPA105
85913,202,ESL,332,TTH,10:45 AM,12:35 PM,VPA104
85914,203,ESL,332,MW,06:30 PM,08:20 PM,PE107
85915,204,ESL,332,TTH,06:00 PM,07:50 PM,SC103
85916,201,ESL,333,MW,07:45 AM,09:05 AM,C105
85917,202,ESL,333,MW,10:45 AM,12:05 PM,SC103
85918,203,ESL,333,TTH,12:15 PM,01:35 PM,C208
85919,204,ESL,333,T,06:30 PM,09:35 PM,AA222
85920,205,ESL,333,F,09:15 AM,12:20 PM,C101A
85921,201,ESL,334,MW,10:45 AM,01:10 PM,C204
85922,202,ESL,334,MW,12:45 PM,03:10 PM,LE209
85923,203,ESL,334,TTH,08:00 AM,10:25 AM,A4213
85924,204,ESL,334,TTH,06:30 PM,08:55 PM,C101B
85925,201,ESL,337,MW,09:15 AM,10:35 AM,C204
85926,202,ESL,337,TTH,03:15 PM,04:35 PM,C101B
85927,203,ESL,337,T,06:30 PM,09:35 PM,LE209
85928,201,ESL,341L,,,,SC125
85929,201,ESL,345,MW,12:15 PM,02:05 PM,C101B
85930,202,ESL,345,TTH,10:45 AM,12:35 PM,SC102
85931,203,ESL,345,MW,06:00 PM,07:50 PM,A5212
85932,201,ESL,346,MW,01:45 PM,03:05 PM,C101C
85933,202,ESL,346,TTH,01:45 PM,03:05 PM,AA222
85934,203,ESL,346,TH,06:00 PM,09:05 PM,AA222
85935,201,ESL,347,MW,08:00 AM,10:25 AM,C207
85936,202,ESL,347,MW,02:30 PM,04:55 PM,PE206B
85937,203,ESL,347,TTH,08:00 AM,10:25 AM,AA232
85938,204,ESL,347,MW,06:30 PM,08:55 PM,AA222
85939,205,ESL,347,TTH,10:45 AM,01:10 PM,A2211
86617,201,ETH,010,MW,07:45 AM,09:05 AM,SC127
86617,201,ETH,010,MW,07:45 AM,09:05 AM,SC127
86620,202,ETH,010,MW,10:45 AM,12:05 PM,SC127
86620,202,ETH,010,MW,10:45 AM,12:05 PM,SC127
86624,204,ETH,010,TTH,10:45 AM,12:05 PM,SC127
86624,204,ETH,010,TTH,10:45 AM,12:05 PM,SC127
86627,205,ETH,010,TTH,07:45 AM,09:05 AM,SC127
86627,205,ETH,010,TTH,07:45 AM,09:05 AM,SC127
86631,206,ETH,010,,,,VPA202
86634,201,ETH,011,TH,06:00 PM,09:05 PM,SA103
86635,201,ETH,020,TTH,12:15 PM,01:35 PM,C202
86636,201,ETH,030,MW,09:15 AM,10:35 AM,SA201
86639,202,ETH,030,TTH,09:15 AM,10:35 AM,SA204
86641,203,ETH,030,M,06:00 PM,09:05 PM,C102
86642,204,ETH,030,TH,06:00 PM,09:05 PM,C105
86644,201,ETH,035,TTH,10:45 AM,12:05 PM,C102
86646,201,ETH,040,MW,12:15 PM,01:35 PM,SA102
86649,202,ETH,040,MW,10:45 AM,12:05 PM,SA217
86651,203,ETH,040,M,06:00 PM,09:05 PM,C105
86652,201,ETH,042,,,,LE232
86843,201,FCS,019,MW,10:45 AM,12:05 PM,LE209
86844,202,FCS,019,MW,01:45 PM,03:05 PM,LE209
86845,203,FCS,019,TTH,10:45 AM,12:05 PM,AB142
86846,204,FCS,019,T,06:00 PM,09:05 PM,AB142
86847,205,FCS,019,W,06:30 PM,09:35 PM,VPA120
86848,206,FCS,019,,,,LE231
86849,201,FCS,050,MW,12:15 PM,01:35 PM,LE209
86850,202,FCS,050,TTH,01:45 PM,03:05 PM,A5212
86851,203,FCS,050,M,06:00 PM,09:05 PM,AB142
86852,204,FCS,050,F,09:15 AM,12:20 PM,AB142
86853,201,FCS,070,T,06:00 PM,09:05 PM,S150
86854,202,FCS,070,,,,AD123
86240,201,FCS,138,,,,SC214
85824,201,FREN,001B,MW,09:15 AM,11:40 AM,C205
85825,201,FREN,001L,,,,LE200
86653,201,GEOG,010,MW,09:15 AM,10:35 AM,C105
86855,201,HED,011,MW,06:00 PM,07:20 PM,VPA120
86856,202,HED,011,,,,LE204
86857,201,HED,012,T,06:00 PM,09:05 PM,AD211
86655,201,HIST,001,MW,10:45 AM,12:05 PM,SA102
86656,202,HIST,001,MW,10:45 AM,12:05 PM,VPA105
86657,203,HIST,001,MW,12:15 PM,01:35 PM,PE105
86658,204,HIST,001,TTH,09:15 AM,10:35 AM,SA102
86659,205,HIST,001,TTH,10:45 AM,12:05 PM,PE107
86660,206,HIST,001,TTH,12:15 PM,01:35 PM,C209
86661,207,HIST,001,M,06:00 PM,09:05 PM,SA102
86662,201,HIST,003B,W,06:00 PM,09:05 PM,SA102
86663,201,HIST,010B,MW,09:15 AM,10:35 AM,SA102
86664,201,HIST,014,TTH,10:45 AM,12:05 PM,SA204
86665,201,HIST,017A,MW,09:15 AM,10:35 AM,SA103
86666,202,HIST,017A,MW,10:45 AM,12:05 PM,SA103
86667,203,HIST,017A,MW,12:15 PM,01:35 PM,SA103
86668,204,HIST,017A,TTH,10:45 AM,12:05 PM,SA101
86669,205,HIST,017A,TTH,12:15 PM,01:35 PM,SA204
86670,206,HIST,017A,T,06:00 PM,09:05 PM,SA101
86671,207,HIST,017A,F,09:45 AM,12:50 PM,SA204
86672,208,HIST,017A,,,,SA202
87160,211,HIST,017A,,,,LE232
87414,212,HIST,017A,MW,06:00 PM,09:05 PM,S201
86673,201,HIST,017B,MW,09:15 AM,10:35 AM,VPA115
86674,202,HIST,017B,MW,10:45 AM,12:05 PM,SA104
86675,203,HIST,017B,MW,10:45 AM,12:05 PM,C105
86676,204,HIST,017B,MW,12:15 PM,01:35 PM,SA204
86677,205,HIST,017B,TTH,09:15 AM,10:35 AM,SA103
86678,206,HIST,017B,TTH,10:45 AM,12:05 PM,SA103
86679,207,HIST,017B,TTH,12:15 PM,01:35 PM,SA102
86680,208,HIST,017B,TH,06:00 PM,09:05 PM,SA202
86681,209,HIST,017B,,,,AD123
87161,212,HIST,017B,,,,LE232
87415,213,HIST,017B,MW,06:00 PM,09:05 PM,SA201
86682,201,HIST,022,TTH,09:15 AM,10:35 AM,C102
86654,201,HIST,045,MW,10:45 AM,12:05 PM,SA204
85812,201,II,090,,,,LE204
85813,201,II,210,,,,SA114
85814,202,II,210,,,,SA114
85815,203,II,210,,,,SA114
85816,204,II,210,,,,LE200
85817,205,II,210,,,,LE200
85818,206,II,210,,,,LE200
87003,207,II,210,,,,SC119
86693,201,JOURN,010,MW,09:15 AM,10:35 AM,VPA203
87404,201,JOURN,014,MW,01:45 PM,03:05 PM,VPA104
86399,201,KINS,008A,MW,12:15 PM,01:35 PM,GYM
86409,201,KINS,009B,MW,12:15 PM,01:35 PM,GYM
86410,202,KINS,009B,MW,03:15 PM,04:35 PM,GYM
86411,203,KINS,009B,MW,04:45 PM,06:05 PM,GYM
86412,204,KINS,009B,TTH,09:15 AM,10:35 AM,GYM
86413,205,KINS,009B,TTH,12:15 PM,01:35 PM,GYM
86414,201,KINS,009C,MW,12:15 PM,01:35 PM,GYM
86415,202,KINS,009C,MW,03:15 PM,04:35 PM,GYM
86416,203,KINS,009C,MW,04:45 PM,06:05 PM,GYM
86417,204,KINS,009C,TTH,09:15 AM,10:35 AM,GYM
86418,205,KINS,009C,TTH,12:15 PM,01:35 PM,GYM
86419,201,KINS,009D,MW,12:15 PM,01:35 PM,GYM
86420,202,KINS,009D,MW,03:15 PM,04:35 PM,GYM
86421,203,KINS,009D,MW,04:45 PM,06:05 PM,GYM
86422,204,KINS,009D,TTH,09:15 AM,10:35 AM,GYM
86423,205,KINS,009D,TTH,12:15 PM,01:35 PM,GYM
86424,201,KINS,012A,TTH,10:45 AM,12:05 PM,GYM
86425,201,KINS,012D,MW,01:45 PM,03:05 PM,GYM
86426,202,KINS,012D,TTH,10:45 AM,12:05 PM,GYM
86398,201,KINS,033,T,06:00 PM,09:05 PM,PE206
86429,201,KINS,051A,MW,01:45 PM,03:05 PM,PE206
86430,201,KINS,051B,MW,01:45 PM,03:05 PM,PE206
86431,201,KINS,051C,MW,01:45 PM,03:05 PM,GYM
86432,201,KINS,052A,MW,10:45 AM,12:05 PM,GYM
86433,202,KINS,052A,TTH,01:45 PM,03:05 PM,GYM
86434,201,KINS,052B,MW,10:45 AM,12:05 PM,GYM
86435,202,KINS,052B,TTH,01:45 PM,03:05 PM,GYM
86436,201,KINS,052C,MW,10:45 AM,12:05 PM,GYM
86437,202,KINS,052C,TTH,01:45 PM,03:05 PM,GYM
86439,201,KINS,052D,MW,10:45 AM,12:05 PM,GYM
86441,202,KINS,052D,TTH,01:45 PM,03:05 PM,GYM
86443,201,KINS,053A,MW,09:15 AM,10:35 AM,PE206
86522,202,KINS,053A,MW,12:15 PM,01:35 PM,PE206
86444,201,KINS,053B,TTH,09:15 AM,10:35 AM,PE206
86457,202,KINS,053B,TTH,10:45 AM,12:05 PM,PE206
86459,201,KINS,056A,MW,09:15 AM,10:35 AM,FC101
86462,202,KINS,056A,MW,10:45 AM,12:05 PM,FC101
86463,203,KINS,056A,MW,12:15 PM,01:35 PM,FC101
86464,204,KINS,056A,MW,06:00 PM,07:20 PM,FC101
86466,205,KINS,056A,TTH,09:15 AM,10:35 AM,FC101
86476,201,KINS,056C,MW,09:15 AM,10:35 AM,FC101
86477,202,KINS,056C,MW,10:45 AM,12:05 PM,FC101
86478,203,KINS,056C,MW,12:15 PM,01:35 PM,FC101
86479,204,KINS,056C,MW,06:00 PM,07:20 PM,FC101
86480,205,KINS,056C,TTH,09:15 AM,10:35 AM,FC101
86481,201,KINS,087A,FSSU,08:00 AM,06:00 PM,OFC
86481,201,KINS,087A,SU,08:00 AM,09:50 AM,PE107
86481,201,KINS,087A,SU,08:00 AM,11:50 AM,OFC
86482,201,KINS,087B,FSSU,08:00 AM,06:00 PM,OFC
86482,201,KINS,087B,SU,08:00 AM,09:50 AM,PE107
86482,201,KINS,087B,SU,08:00 AM,11:50 AM,OFC
86483,201,KINS,087C,FSSU,08:00 AM,06:00 PM,OFC
86483,201,KINS,087C,SU,08:00 AM,11:50 AM,OFC
86483,201,KINS,087C,SU,08:00 AM,09:50 AM,PE107
87601,201,KINS,089A,FSSU,08:00 AM,06:00 PM,OFC
87601,201,KINS,089A,S,08:00 AM,12:50 PM,PE107
87601,201,KINS,089A,S,08:00 AM,12:05 PM,OFC
87602,201,KINS,089B,FSSU,08:00 AM,06:00 PM,OFC
87602,201,KINS,089B,S,08:00 AM,12:05 PM,OFC
87602,201,KINS,089B,S,08:00 AM,12:50 PM,PE107
86316,201,LA,010,W,06:30 PM,09:35 PM,C101A
86317,202,LA,010,T,09:15 AM,10:35 AM,LE228
86317,202,LA,010,,,,LE228
86318,201,LA,014,TH,06:30 PM,09:35 PM,C101A
86319,201,LA,016,T,10:45 AM,12:05 PM,LE228
86319,201,LA,016,,,,LE228
86320,201,LA,040,M,06:30 PM,09:35 PM,C101A
86321,201,LA,044,T,06:00 PM,09:05 PM,C203
86323,201,LA,071,W,06:00 PM,09:05 PM,LE228
86323,201,LA,071,,,,LE228
86241,201,LA,138,,,,SC214
85819,201,LIB,015,,,,
86083,201,MATH,013,MTWTH,08:00 AM,09:05 AM,SA117
86084,202,MATH,013,MTWTH,08:00 AM,10:25 AM,SA116
86085,203,MATH,013,MTWTH,08:00 AM,09:05 AM,SA113
86086,204,MATH,013,MTWTH,09:15 AM,10:20 AM,AB201
86087,205,MATH,013,MTWTH,09:15 AM,10:20 AM,SA119
86088,206,MATH,013,MTWTH,09:15 AM,10:20 AM,SA119
86089,207,MATH,013,MTWTH,10:45 AM,11:50 AM,AB201
86090,208,MATH,013,MTWTH,10:45 AM,11:50 AM,A6212
86091,209,MATH,013,MTWTH,12:15 PM,01:20 PM,AB201
86092,210,MATH,013,MTWTH,12:15 PM,01:20 PM,C206
86093,211,MATH,013,MTWTH,12:15 PM,01:20 PM,C206
86094,212,MATH,013,MTWTH,01:45 PM,02:50 PM,AB201
86095,213,MATH,013,MTWTH,01:45 PM,02:50 PM,A6212
86096,214,MATH,013,MW,03:15 PM,05:40 PM,SA116
86097,215,MATH,013,MW,06:00 PM,08:25 PM,AB201
86098,216,MATH,013,TTH,03:15 PM,05:40 PM,SA116
86099,217,MATH,013,TTH,06:00 PM,08:25 PM,SA116
86100,218,MATH,013,,,,SA114
P,86101,219,MATH,013,MW,01:30 PM,04:05 PM,OFC
86102,201,MATH,014,MW,10:45 AM,12:05 PM,AB134
86103,202,MATH,014,MW,12:15 PM,01:35 PM,C104
86104,203,MATH,014,TTH,10:45 AM,12:05 PM,AB134
86105,204,MATH,014,TTH,03:15 PM,04:35 PM,AB134
86106,205,MATH,014,M,06:00 PM,09:05 PM,AB134
86107,201,MATH,021,MTWTH,10:45 AM,11:35 AM,S140
86108,202,MATH,021,MW,10:45 AM,12:35 PM,AF231
86109,203,MATH,021,TTH,12:15 PM,02:05 PM,AF231
86110,204,MATH,021,TTH,01:45 PM,03:35 PM,SA113
86111,205,MATH,021,TH,06:00 PM,10:05 PM,S150
86112,201,MATH,022,TTH,10:45 AM,12:05 PM,AF231
86113,201,MATH,025,MTWTH,12:15 PM,01:35 PM,A6212
86114,202,MATH,025,MW,06:00 PM,09:05 PM,SA116
86115,203,MATH,025,,,,SA114
87273,204,MATH,025,MTWTH,09:15 AM,10:35 AM,C104
86116,201,MATH,052,TTH,01:45 PM,03:05 PM,SA117
86117,201,MATH,061,TTH,10:45 AM,12:05 PM,SA215
86118,202,MATH,061,W,06:00 PM,09:05 PM,S150
86119,201,MATH,062,MW,01:45 PM,03:05 PM,SA217
86120,202,MATH,062,MW,06:30 PM,07:50 PM,SA217
86121,203,MATH,062,TTH,07:45 AM,09:05 AM,SA215
86122,204,MATH,062,TTH,12:15 PM,01:35 PM,S140
86123,201,MATH,063,MW,09:15 AM,10:35 AM,SA117
86124,202,MATH,063,MW,10:45 AM,12:05 PM,SA117
86125,203,MATH,063,MW,10:45 AM,12:05 PM,SA117
86126,204,MATH,063,MW,10:45 AM,12:05 PM,SA116
86127,205,MATH,063,MW,12:15 PM,01:35 PM,SA117
86128,206,MATH,063,TTH,09:15 AM,10:35 AM,SA117
86129,207,MATH,063,TTH,10:45 AM,12:05 PM,SA117
86130,208,MATH,063,TTH,12:15 PM,01:35 PM,C104
86131,209,MATH,063,M,06:00 PM,09:05 PM,S150
86132,210,MATH,063,W,01:45 PM,03:05 PM,SA114
86132,210,MATH,063,,,,SA114
86133,211,MATH,063,S,09:00 AM,12:05 PM,SA116
86134,212,MATH,063,,,,SA114
86135,213,MATH,063,,,,SA114
86136,214,MATH,063,,,,
86137,201,MATH,071,MTWTH,08:00 AM,09:05 AM,SA119
86138,202,MATH,071,MTWTH,12:15 PM,01:20 PM,SA118
86139,203,MATH,071,MW,06:00 PM,08:25 PM,A6212
86140,204,MATH,071,TTH,06:00 PM,08:25 PM,A6212
86141,201,MATH,072,MTWTH,09:15 AM,10:20 AM,SA113
86142,202,MATH,072,MTWTH,12:15 PM,01:20 PM,SA116
86143,203,MATH,072,MW,06:00 PM,08:25 PM,S140
86144,204,MATH,072,TTH,06:00 PM,08:25 PM,S140
86145,201,MATH,073,MW,02:15 PM,04:40 PM,SA118
86146,202,MATH,073,TTH,06:00 PM,08:25 PM,SA118
86147,201,MATH,078,MW,06:00 PM,07:50 PM,SA118
86148,201,MATH,079,TTH,06:00 PM,07:20 PM,SA117
86149,201,MATH,111,MTWTH,08:00 AM,09:05 AM,SA118
86150,202,MATH,111,MTWTH,08:00 AM,09:05 AM,SA217
86151,203,MATH,111,MTWTH,08:00 AM,10:30 AM,SA116
86152,204,MATH,111,MTWTH,09:15 AM,10:20 AM,SA118
86153,205,MATH,111,MTWTH,09:15 AM,10:20 AM,A6212
86154,206,MATH,111,MTWTH,10:45 AM,11:50 AM,SA113
86155,207,MATH,111,MTWTH,10:45 AM,11:50 AM,SA118
86156,208,MATH,111,MTWTH,12:15 PM,01:20 PM,AD211
86157,209,MATH,111,MTWTH,12:15 PM,01:20 PM,C103
86158,210,MATH,111,MW,03:15 PM,05:40 PM,SA119
86159,211,MATH,111,MW,06:00 PM,08:25 PM,AF231
86160,212,MATH,111,TTH,03:15 PM,05:40 PM,SA118
86161,213,MATH,111,TTH,06:00 PM,08:25 PM,AB201
86162,214,MATH,111,MW,01:45 PM,02:50 PM,SA117
86162,214,MATH,111,,,,SA117
86163,215,MATH,111,TTH,10:45 AM,11:50 AM,SA116
86163,215,MATH,111,,,,SA116
86164,201,MATH,310,MW,09:15 AM,10:35 AM,SA217
86165,202,MATH,310,MW,10:45 AM,12:05 PM,SA119
86166,203,MATH,310,MW,01:45 PM,03:05 PM,SA215
86167,204,MATH,310,TTH,10:45 AM,12:05 PM,SA217
86168,205,MATH,310,TTH,12:15 PM,01:35 PM,AB142
86169,206,MATH,310,TTH,01:45 PM,03:05 PM,SA116
86170,207,MATH,310,TH,06:00 PM,09:05 PM,AC162
86171,208,MATH,310,MTWTH,03:15 PM,04:35 PM,SA117
86172,201,MATH,311,MW,10:45 AM,12:05 PM,AD211
86173,202,MATH,311,MW,12:15 PM,01:35 PM,SA215
86174,203,MATH,311,MW,01:45 PM,03:05 PM,SA116
86175,204,MATH,311,TTH,07:45 AM,09:05 AM,S150
86176,205,MATH,311,TTH,10:45 AM,12:05 PM,AD211
86177,206,MATH,311,T,06:00 PM,09:05 PM,AC162
86178,207,MATH,311,MTWTH,03:15 PM,04:35 PM,SA117
86695,201,MUSIC,010A,MW,12:15 PM,01:35 PM,VPA104
86696,201,MUSIC,047,TTH,10:45 AM,12:55 PM,VPA106
86697,201,MUSIC,050A,MW,03:15 PM,04:35 PM,VPA103
86699,201,MUSIC,050B,MW,03:15 PM,04:35 PM,VPA103
86701,201,MUSIC,052A,T,06:00 PM,09:05 PM,VPA103
86702,201,MUSIC,052B,T,06:00 PM,09:05 PM,VPA103
86703,201,MUSIC,053A,TTH,09:15 AM,10:35 AM,VPA106
86704,201,MUSIC,053B,TTH,09:15 AM,10:35 AM,VPA106
86694,201,MUSIC,091,TTH,09:15 AM,10:35 AM,VPA104
86705,201,MUSIC,093,T,06:00 PM,09:05 PM,VPA104
86706,201,MUSIC,096,TTH,10:45 AM,12:05 PM,VPA203
86708,201,MUSIC,099,MW,09:15 AM,10:35 AM,VPA103
86709,202,MUSIC,099,MW,10:45 AM,12:05 PM,VPA103
86710,203,MUSIC,099,MW,01:45 PM,03:05 PM,VPA103
86711,204,MUSIC,099,TTH,09:15 AM,10:35 AM,VPA103
86712,205,MUSIC,099,MW,12:15 PM,01:35 PM,VPA103
86713,206,MUSIC,099,TTH,12:15 PM,01:35 PM,VPA103
86714,207,MUSIC,099,TTH,01:45 PM,03:05 PM,VPA103
86715,208,MUSIC,099,M,06:00 PM,09:05 PM,VPA103
87615,211,MUSIC,099,TTH,10:45 AM,12:05 PM,VPA103
86858,201,NURS,001,MT,08:00 AM,10:10 AM,S140
86858,201,NURS,001,MT,08:00 AM,10:10 AM,S140
86858,201,NURS,001,MT,08:00 AM,10:10 AM,S140
86858,201,NURS,001,THF,06:30 AM,01:20 PM,HSP
86858,201,NURS,001,W,09:00 AM,10:35 AM,S201
86859,202,NURS,001,MT,08:00 AM,10:10 AM,S140
86859,202,NURS,001,MT,08:00 AM,10:10 AM,S140
86859,202,NURS,001,MT,08:00 AM,10:10 AM,S140
86859,202,NURS,001,F,08:00 AM,09:35 AM,S201
86859,202,NURS,001,WTH,06:30 AM,01:20 PM,HSP
86865,203,NURS,001,MT,08:00 AM,10:10 AM,S140
86865,203,NURS,001,MT,08:00 AM,10:10 AM,S140
86865,203,NURS,001,MT,08:00 AM,10:10 AM,S140
86865,203,NURS,001,THF,06:30 AM,01:20 PM,HSP
86865,203,NURS,001,THF,06:30 AM,01:20 PM,HSP
86865,203,NURS,001,W,09:00 AM,10:35 AM,S223
86865,203,NURS,001,W,09:00 AM,10:35 AM,S223
86867,204,NURS,001,MT,08:00 AM,10:10 AM,S140
86867,204,NURS,001,MT,08:00 AM,10:10 AM,S140
86867,204,NURS,001,MT,08:00 AM,10:10 AM,S140
86867,204,NURS,001,F,08:00 AM,09:35 AM,S201
86867,204,NURS,001,WTH,06:30 AM,01:20 PM,HSP
86905,201,NURS,002A,MTH,11:05 AM,01:40 PM,S219
86905,201,NURS,002A,MTH,11:05 AM,01:40 PM,S219
86905,201,NURS,002A,MTH,08:00 AM,10:30 AM,S223
86905,201,NURS,002A,TW,06:30 AM,01:45 PM,HSP
86906,202,NURS,002A,MTH,11:05 AM,01:40 PM,S219
86906,202,NURS,002A,MTH,11:05 AM,01:40 PM,S219
86906,202,NURS,002A,MTH,08:00 AM,10:30 AM,S223
86906,202,NURS,002A,TW,06:30 AM,01:45 PM,HSP
86907,203,NURS,002A,MTH,11:05 AM,01:40 PM,S219
86907,203,NURS,002A,MTH,11:05 AM,01:40 PM,S219
86907,203,NURS,002A,MTH,08:00 AM,10:30 AM,S223
86907,203,NURS,002A,TW,06:30 AM,01:45 PM,HSP
86908,204,NURS,002A,MTH,11:05 AM,01:40 PM,S219
86908,204,NURS,002A,MTH,11:05 AM,01:40 PM,S219
86908,204,NURS,002A,MTH,08:00 AM,10:30 AM,S223
86908,204,NURS,002A,TW,06:30 AM,02:30 PM,HSP
86909,201,NURS,002B,MTH,08:00 AM,10:35 AM,S219
86909,201,NURS,002B,W,06:30 AM,04:00 PM,HSP
86910,202,NURS,002B,MTH,08:00 AM,10:35 AM,S219
86910,202,NURS,002B,T,06:30 AM,04:00 PM,HSP
86911,203,NURS,002B,MTH,08:00 AM,10:35 AM,S219
86911,203,NURS,002B,W,06:30 AM,04:00 PM,HSP
86912,204,NURS,002B,MTH,08:00 AM,10:35 AM,S219
86912,204,NURS,002B,T,06:30 AM,04:00 PM,HSP
86877,201,NURS,003,MF,08:00 AM,10:10 AM,S150
86877,201,NURS,003,MF,08:00 AM,10:10 AM,S150
86877,201,NURS,003,TH,06:30 AM,04:00 PM,HSP
86877,201,NURS,003,TH,06:30 AM,04:00 PM,HSP
86877,201,NURS,003,WTH,06:30 AM,02:20 PM,HSP
86877,201,NURS,003,WTH,06:30 AM,02:20 PM,HSP
86893,202,NURS,003,MF,08:00 AM,10:10 AM,S150
86893,202,NURS,003,MF,08:00 AM,10:10 AM,S150
86893,202,NURS,003,TH,06:30 AM,04:00 PM,HSP
86893,202,NURS,003,TH,06:30 AM,04:00 PM,HSP
86893,202,NURS,003,WTH,06:30 AM,02:20 PM,HSP
86893,202,NURS,003,WTH,06:30 AM,02:20 PM,HSP
86895,203,NURS,003,MF,08:00 AM,10:10 AM,S150
86895,203,NURS,003,MF,08:00 AM,10:10 AM,S150
86895,203,NURS,003,M,01:30 PM,11:55 PM,HSP
86895,203,NURS,003,M,01:30 PM,11:55 PM,HSP
86895,203,NURS,003,TW,06:30 AM,02:20 PM,HSP
86895,203,NURS,003,TW,06:30 AM,02:20 PM,HSP
86896,204,NURS,003,MF,08:00 AM,10:10 AM,S150
86896,204,NURS,003,MF,08:00 AM,10:10 AM,S150
86896,204,NURS,003,M,01:30 PM,11:00 PM,HSP
86896,204,NURS,003,M,01:30 PM,11:00 PM,HSP
86896,204,NURS,003,TW,06:30 AM,02:20 PM,HSP
86896,204,NURS,003,TW,06:30 AM,02:20 PM,HSP
86897,201,NURS,004,MF,10:30 AM,02:20 PM,S150
86897,201,NURS,004,MF,10:30 AM,02:20 PM,S150
86897,201,NURS,004,TW,06:30 AM,05:05 PM,HSP
86897,201,NURS,004,TW,02:30 PM,10:00 PM,HSP
86897,201,NURS,004,TW,02:30 PM,10:00 PM,HSP
86897,201,NURS,004,TW,06:30 AM,05:05 PM,HSP
86897,201,NURS,004,WTH,06:30 AM,02:00 PM,HSP
86897,201,NURS,004,WTH,06:30 AM,02:00 PM,HSP
86898,202,NURS,004,MF,10:30 AM,02:20 PM,S150
86898,202,NURS,004,MF,10:30 AM,02:20 PM,S150
86898,202,NURS,004,TW,06:30 AM,05:05 PM,HSP
86898,202,NURS,004,TW,06:30 AM,02:00 PM,HSP
86898,202,NURS,004,TW,02:00 PM,09:30 PM,HSP
86899,203,NURS,004,MF,10:30 AM,02:20 PM,S150
86899,203,NURS,004,MF,10:30 AM,02:20 PM,S150
86899,203,NURS,004,TW,06:30 AM,05:05 PM,HSP
86899,203,NURS,004,TW,02:00 PM,09:30 PM,HSP
86899,203,NURS,004,TW,02:00 PM,09:30 PM,HSP
86900,204,NURS,004,MF,10:30 AM,02:20 PM,S150
86900,204,NURS,004,MF,10:30 AM,02:20 PM,S150
86900,204,NURS,004,THF,02:30 PM,10:55 PM,HSP
86900,204,NURS,004,THF,02:30 PM,10:55 PM,HSP
86900,204,NURS,004,THF,02:30 PM,10:55 PM,HSP
86900,204,NURS,004,TW,06:30 AM,05:05 PM,HSP
86900,204,NURS,004,TW,06:30 AM,05:05 PM,HSP
86900,204,NURS,004,TW,06:30 AM,05:05 PM,HSP
86900,204,NURS,004,WTH,02:00 PM,09:30 PM,HSP
86900,204,NURS,004,WTH,02:00 PM,09:30 PM,HSP
86900,204,NURS,004,WTH,02:00 PM,09:30 PM,HSP
86901,201,NURS,109,MW,12:15 PM,04:20 PM,AB142
86901,201,NURS,109,W,12:15 PM,04:20 PM,AB142
86901,201,NURS,109,M,09:00 AM,01:05 PM,S201
86901,201,NURS,109,M,06:45 AM,02:55 PM,HSP
86901,201,NURS,109,TH,06:45 AM,02:55 PM,HSP
86902,202,NURS,109,MW,12:15 PM,04:20 PM,AB142
86902,202,NURS,109,W,12:15 PM,04:20 PM,AB142
86902,202,NURS,109,M,01:30 PM,05:35 PM,S201
86902,202,NURS,109,S,06:45 AM,02:55 PM,HSP
86902,202,NURS,109,T,06:45 AM,02:55 PM,HSP
86903,203,NURS,109,MW,12:15 PM,04:20 PM,AB142
86903,203,NURS,109,W,12:15 PM,04:20 PM,AB142
86903,203,NURS,109,F,06:45 AM,03:35 PM,HSP
86903,203,NURS,109,SU,06:45 AM,03:35 PM,HSP
86903,203,NURS,109,T,09:00 AM,01:05 PM,S201
86904,201,NURS,119,T,03:15 PM,06:20 PM,A6212
86913,201,NURS,131A,T,10:35 AM,01:40 PM,S201
86914,202,NURS,131A,T,10:35 AM,01:40 PM,S223
86914,202,NURS,131A,T,10:35 AM,01:40 PM,S223
86915,201,NURS,131B,F,10:00 AM,01:05 PM,S223
86915,201,NURS,131B,F,10:00 AM,01:05 PM,S223
86915,201,NURS,131B,M,11:30 AM,02:35 PM,S223
86915,201,NURS,131B,M,11:30 AM,02:35 PM,S223
86916,201,NURS,132A,F,10:45 AM,01:50 PM,S223
86916,201,NURS,132A,F,10:45 AM,01:50 PM,S223
86030,201,OCEAN,010,,,,
86400,201,PED,009A,MW,12:15 PM,01:35 PM,GYM
86401,202,PED,009A,MW,03:15 PM,04:35 PM,GYM
86402,203,PED,009A,MW,04:45 PM,06:05 PM,GYM
86403,204,PED,009A,TTH,09:15 AM,10:35 AM,GYM
86404,205,PED,009A,TTH,12:15 PM,01:35 PM,GYM
86484,201,PED,012,MW,01:45 PM,03:05 PM,GYM
86485,202,PED,012,TTH,10:45 AM,12:05 PM,GYM
86486,201,PED,022,TTH,07:45 AM,09:05 AM,FC101
86487,202,PED,022,MW,12:15 PM,01:35 PM,PE206
86488,201,PED,022A,TTH,10:45 AM,12:05 PM,PE202
86489,201,PED,023,MW,10:45 AM,12:05 PM,PE206
86490,202,PED,023,MW,06:30 PM,07:50 PM,PE206
86491,203,PED,023,TTH,12:15 PM,01:35 PM,PE206
86495,201,PED,026,MW,01:45 PM,03:05 PM,GYM
86496,202,PED,026,TTH,10:45 AM,12:05 PM,GYM
86497,201,PED,031,MW,12:15 PM,01:05 PM,PE206B
86497,201,PED,031,MW,01:15 PM,02:35 PM,FC101
86499,201,PED,038,MW,01:45 PM,03:05 PM,F
86500,202,PED,038,TTH,10:45 AM,12:05 PM,F
86502,203,PED,038,M,06:00 PM,09:05 PM,F
86521,203,PED,038,MW,10:45 AM,12:05 PM,F
86506,201,PED,039,MW,07:45 AM,09:05 AM,PE204
86508,202,PED,039,MW,06:00 PM,07:20 PM,PE204
86509,203,PED,039,TTH,07:45 AM,09:05 AM,PE204
86510,204,PED,039,TTH,10:45 AM,12:05 PM,PE204
87407,207,PED,039,TTH,12:15 PM,01:35 PM,PE204
86511,201,PED,039B,MW,07:45 AM,09:05 AM,PE204
86512,202,PED,039B,TTH,12:15 PM,01:35 PM,PE204
86514,201,PED,043,MW,10:45 AM,12:05 PM,PE204
86515,202,PED,043,MW,07:30 PM,08:50 PM,PE204
86516,203,PED,043,TTH,09:15 AM,10:35 AM,PE204
86520,204,PED,043,MW,09:15 AM,10:35 AM,PE204
86517,201,PED,051,TTH,03:15 PM,04:35 PM,GYM
86518,201,PED,056,MW,12:15 PM,01:35 PM,FC101
86519,202,PED,056,TTH,10:45 AM,12:05 PM,FC101
86473,201,PED,056A,TTH,12:15 PM,01:35 PM,PE202
86716,201,PHIL,010,MW,09:15 AM,10:35 AM,C102
86718,202,PHIL,010,TTH,09:15 AM,10:35 AM,C105
86719,203,PHIL,010,T,06:00 PM,09:05 PM,C103
87327,205,PHIL,010,MW,10:45 AM,12:05 PM,C206
86720,201,PHIL,060,MW,12:15 PM,01:35 PM,C208
86721,202,PHIL,060,MW,10:45 AM,12:05 PM,C102
86722,203,PHIL,060,TTH,10:45 AM,12:05 PM,VPA120
86723,204,PHIL,060,W,06:00 PM,09:05 PM,C203
86188,201,PHYS,001,T,12:30 PM,02:20 PM,SA111
86188,201,PHYS,001,TH,12:30 PM,03:35 PM,SA111
86189,201,PHYS,002A,MW,12:15 PM,01:35 PM,SA119
86189,201,PHYS,002A,M,08:30 AM,11:35 AM,SA111
86190,202,PHYS,002A,MW,12:15 PM,01:35 PM,SA119
86190,202,PHYS,002A,W,08:30 AM,11:35 AM,SA111
86191,203,PHYS,002A,TTH,06:00 PM,07:20 PM,SA119
86191,203,PHYS,002A,TTH,07:30 PM,08:50 PM,SA111
86192,201,PHYS,002B,TTH,12:15 PM,01:35 PM,SA113
86192,201,PHYS,002B,T,08:30 AM,11:35 AM,SA115
86193,202,PHYS,002B,TTH,12:15 PM,01:35 PM,SA113
86193,202,PHYS,002B,TH,08:30 AM,11:35 AM,SA115
86194,203,PHYS,002B,MW,06:00 PM,07:20 PM,SA119
86194,203,PHYS,002B,MW,07:30 PM,08:50 PM,SA115
86195,201,PHYS,004A,TTH,12:15 PM,02:05 PM,SA119
86195,201,PHYS,004A,T,08:30 AM,11:35 AM,SA111
86196,202,PHYS,004A,TTH,12:15 PM,02:05 PM,SA119
86196,202,PHYS,004A,TH,08:30 AM,11:35 AM,SA111
86197,203,PHYS,004A,MW,05:30 PM,07:20 PM,SA113
86197,203,PHYS,004A,MW,07:30 PM,08:50 PM,SA111
86198,204,PHYS,004A,F,06:00 PM,07:50 PM,SA113
86198,204,PHYS,004A,S,09:00 AM,10:50 AM,SA113
86198,204,PHYS,004A,S,11:00 AM,02:05 PM,SA111
86199,201,PHYS,004B,MW,12:15 PM,02:05 PM,SA113
86199,201,PHYS,004B,M,08:30 AM,11:35 AM,SA115
86200,202,PHYS,004B,MW,12:15 PM,02:05 PM,SA113
86200,202,PHYS,004B,W,08:30 AM,11:35 AM,SA115
86203,201,PHYS,004C,TTH,05:30 PM,07:20 PM,SA113
86203,201,PHYS,004C,TTH,07:30 PM,08:50 PM,SA115
86204,201,PHYSC,012,M,12:30 PM,03:35 PM,AF241
86204,201,PHYSC,012,W,12:30 PM,03:35 PM,AF241
86724,201,POLSC,001,MW,10:45 AM,12:05 PM,VPA120
86726,202,POLSC,001,MW,12:15 PM,01:35 PM,SA104
86728,203,POLSC,001,MW,01:45 PM,03:05 PM,C102
86729,204,POLSC,001,TTH,09:15 AM,10:35 AM,SA104
86731,205,POLSC,001,TTH,10:45 AM,12:05 PM,SA104
86733,206,POLSC,001,TTH,12:15 PM,01:35 PM,SA104
86734,207,POLSC,001,MW,09:15 AM,10:35 AM,C103
86735,208,POLSC,001,M,06:00 PM,09:05 PM,VPA115
86736,209,POLSC,001,,,,LE232
86737,201,PSYCH,001,MW,09:15 AM,10:35 AM,SA202
86738,202,PSYCH,001,MW,10:45 AM,12:05 PM,SA202
86739,203,PSYCH,001,MW,12:15 PM,01:35 PM,SA201
86740,204,PSYCH,001,TTH,09:15 AM,10:35 AM,SA201
86741,205,PSYCH,001,TTH,10:45 AM,12:05 PM,SA201
86742,206,PSYCH,001,TTH,12:15 PM,01:35 PM,SA201
86743,207,PSYCH,001,M,06:00 PM,09:05 PM,SA103
86744,208,PSYCH,001,,,,SA202
86745,201,PSYCH,018,TTH,12:15 PM,01:05 PM,VPA203
86745,201,PSYCH,018,TTH,01:15 PM,02:35 PM,VPA203
86746,201,PSYCH,025,,,,LE232
86747,201,PSYCH,030,T,06:00 PM,09:05 PM,C105
86748,201,PSYCH,060,MW,09:15 AM,10:35 AM,VPA120
86749,202,PSYCH,060,T,06:00 PM,09:05 PM,SA201
86750,201,PSYCH,092,MW,09:15 AM,10:35 AM,SA204
86751,202,PSYCH,092,TTH,09:15 AM,10:35 AM,SA202
86752,203,PSYCH,092,TTH,10:45 AM,12:05 PM,SA202
86753,204,PSYCH,092,TTH,12:15 PM,01:35 PM,SA202
86754,205,PSYCH,092,W,06:00 PM,09:05 PM,C105
86755,206,PSYCH,092,,,,LE232
86756,201,PSYCH,096,MW,12:15 PM,01:35 PM,VPA120
86757,202,PSYCH,096,TTH,10:45 AM,12:05 PM,C204
86758,201,PSYCH,099,W,06:00 PM,09:05 PM,SA103
86759,201,PSYCH,100,TTH,09:15 AM,10:35 AM,VPA120
86760,202,PSYCH,100,,,,SA201
86062,201,SG,146,S,09:00 AM,10:50 AM,AB121
86062,201,SG,146,S,11:00 AM,02:05 PM,AB121
86063,201,SG,147,M,06:30 PM,08:20 PM,AB121
86063,201,SG,147,M,03:15 PM,06:20 PM,AB121
86064,201,SG,148,W,04:00 PM,05:50 PM,AB134
86064,201,SG,148,W,06:00 PM,09:05 PM,AB121
85821,202,SL,001A,TTH,04:45 PM,06:05 PM,AF143
85822,201,SL,001B,T,06:30 PM,09:35 PM,AF143
86761,201,SOC,010,MW,09:15 AM,10:35 AM,SA101
86762,202,SOC,010,MW,10:45 AM,12:05 PM,SA101
86763,203,SOC,010,MW,12:15 PM,01:35 PM,SA101
86764,204,SOC,010,TTH,12:15 PM,01:35 PM,SA101
86766,205,SOC,010,TTH,01:45 PM,03:05 PM,SA102
86767,206,SOC,010,T,06:00 PM,09:05 PM,SA102
86768,201,SOC,011,MW,12:15 PM,01:35 PM,C209
86769,202,SOC,011,TTH,12:15 PM,01:35 PM,SA103
86770,203,SOC,011,M,06:00 PM,09:05 PM,SA101
85826,201,SPAN,001A,MW,08:00 AM,10:25 AM,C205
85827,202,SPAN,001A,MW,10:45 AM,01:10 PM,C205
85828,203,SPAN,001A,,,,
85829,204,SPAN,001A,TTH,09:15 AM,11:40 AM,C206
85830,205,SPAN,001A,TTH,12:15 PM,02:40 PM,C205
85831,206,SPAN,001A,TTH,06:30 PM,08:55 PM,AF143
85832,207,SPAN,001A,,,,
85833,208,SPAN,001A,,,,LE204
85835,202,SPAN,001B,TTH,10:45 AM,01:10 PM,A5212
85836,203,SPAN,001B,,,,LE204
87436,204,SPAN,001B,MW,09:15 AM,11:40 AM,AE251
85837,201,SPAN,020A,TTH,09:15 AM,11:40 AM,C206
85838,201,SPAN,020B,TTH,09:15 AM,11:40 AM,AF143
85840,201,SPAN,033,W,06:30 PM,09:35 PM,C207
87274,201,SPAN,036B,M,06:00 PM,09:35 PM,AA232
87275,201,SPAN,037B,S,09:00 AM,12:05 PM,AB231
86771,201,THEAT,025A,M,06:00 PM,09:05 PM,VPA104
86772,201,THEAT,040,MW,10:45 AM,11:50 AM,VPA115
86772,201,THEAT,040,W,12:00 PM,01:20 PM,VPA115
86773,202,THEAT,040,TTH,09:15 AM,10:20 AM,VPA115
86773,202,THEAT,040,TH,10:30 AM,11:50 AM,VPA116
86774,203,THEAT,040,T,06:00 PM,08:25 PM,VPA115
86774,203,THEAT,040,T,08:35 PM,09:55 PM,VPA115
86775,204,THEAT,040,TTH,12:15 PM,01:20 PM,VPA115
86775,204,THEAT,040,TH,01:30 PM,02:50 PM,VPA115
85846,201,VIET,001A,MW,08:00 AM,10:25 AM,C206
85847,202,VIET,001A,MW,10:45 AM,01:10 PM,C207
85848,203,VIET,001A,MW,06:30 PM,08:55 PM,C205
85849,204,VIET,001A,TTH,08:00 AM,10:25 AM,PE106B
85850,201,VIET,001B,TTH,10:45 AM,01:10 PM,VPA125
85852,201,VIET,091A,M,06:00 PM,09:05 PM,AF143
86242,201,WE,088,,,,SC214
86776,201,WOMS,010,T,06:00 PM,09:05 PM,C202
